Tarea,Estado,Notas,Persona
Entrega José Picon,En proceso,"entrega_<apellido1><apellido2><ayuntamiento>.zip
│
├── 00-portada.pdf
├── 01-hacking-etico/
│ ├── 01-autorizacion-RoE.pdf
│ ├── http://02-bitacora-pentester.md/
│ ├── http://03-hallazgos.md/
│ ├── 04-evidencias/
│ └── 05-informe-tecnico.pdf
│
├── 02-produccion-segura/
│ ├── http://01-arquitectura-actual.md/
│ ├── http://02-arquitectura-segura.md/
│ ├── http://03-bastionado-aplicado.md/
│ ├── 04-configs/
│ └── http://05-comprobacion.md/
│
├── 03-incidentes/
│ ├── 01-informe-incidente-inicial.pdf
│ ├── 02-cadena-custodia.pdf
│ ├── http://03-timeline-incidente.md/
│ ├── 04-notificacion-AEPD.pdf
│ └── 05-informe-ejecutivo.pdf
│
└── 04-presentacion.pdf","Jorge Cortés Hernández, Jose Luis Oliver Herranz, Marcos2K15 , Pau Roig Varea, Carlos Delgado , Luis Fuster, kike, Alfon Gp"
Normativa informe grupal,Hechas,"Siguiendo la base de Kike y Jorge, añadir canal de denuncias, plantilla de confidencialidad, y plan de concienciación.","Carlos Delgado , Luis Fuster, Alfon Gp, kike, Marcos2K15 , Jose Luis Oliver Herranz, Jorge Cortés Hernández, Pau Roig Varea"
Forense,Pendiente,"Ante la detección de ataques 
informáticos simultáneos en distintos ayuntamientos, se requiere 
implementar un sistema preventivo y reactivo que permita:
• Monitorizar continuamente la infraestructura.
• Realizar copias de memoria y registros del sistema en cada tramo operativo.
• Garantizar mecanismos de respaldo (backup) seguros.
• Preservar evidencias digitales para su posterior análisis forense.
• Elaborar un informe técnico completo que determine qué ha sucedido, cómo ocurrió el ataque y cuál fue su impacto.
La actividad consiste en diseñar, configurar y validar un entorno preparado para la detección, recopilación y conservación de evidencias digitales, siguiendo buenas prácticas de ciberseguridad y análisis forense.
El objetivo final es disponer de información suficiente y fiable para reconstruir los hechos tras un incidente de seguridad.
Análisis forense
1. Analizar:

    ◦ Logs del sistema.
    ◦ Memoria RAM.
    ◦ Tráfico de red.
    ◦ Archivos sospechosos.
2. Identificar:

    ◦ Vector de ataque.
    ◦ Usuario comprometido.
    ◦ Malware utilizado.
    ◦ Persistencia del atacante.
3. Reconstruir la línea temporal del incidente.
Esquema Informe Forense
Antecedentes
        ▪ Contexto
        ▪ Objetivo
Ficheros / Hashes
Preparación del laboratorio
Adquisición de las Evidencias
        ▪ Imagen de memoria
        ▪ Imagen del disco
Análisis de las evidencias
        ▪ Análisis de memoria
        ▪ Análisis de disco
Conclusiones
        ▪ Resumen Ejecutivo
        ▪ Resumen Técnico
Recuerda que todo lo que se realice debe ser replicable e incluir todos los ficheros necesarios.","Jorge Cortés Hernández, Luis Fuster, Jose Luis Oliver Herranz, kike, Marcos2K15 , Pau Roig Varea, Alfon Gp, Carlos Delgado "